
{
  "storage": {
    "flash": "64GB",
    "expandable": "128GB",
    "ram": "4GB"
  },
  "description": "Mi Note 4 has a super-powerful dual-core processor and Android\u2122 6.0 (Marshmellow). With its 5.5 -inch HD widescreen display, you\u2019ll enjoy HD video in a thin, light, powerful and upgradeable mobile.",
  "android":{
    "os": "Android 6",
    "version": "Marshmallow"
  },
  "name": "Redmi Note 4",
  "images": [
    "img/phones/MiNote4.jpg",
    "img/phones/MiNote4-1.jpg",
    "img/phones/MiNote4-2.jpg",
    "img/phones/MiNote4-3.jpg"
  ],
  "battery": {
    "standbyTime": "336 hours",
    "talkTime": "24 hours",
    "type": "Other (4100 mAH)"
  },
  "camera": {
    "features": [
      "Flash",
      "Video"
    ],
    "primary": "24 megapixels",
    "front": "16 megapixels"
  },
  "connectivity": {
    "bluetooth": "Bluetooth 2.1",
    "cell": "CDMA 800 /1900 LTE 700, Rx diversity in all bands",
    "gps": true,
    "infrared": false,
    "wifi": "802.11 a/b/g/n"
  },
  "display": {
    "screenResolution": "WXGA (1200 x 800)",
    "screenSize": "5.5 inches",
    "touchScreen": true
  },
  "sim": {
    "dualSim": "yes",
    "hybrid" : "yes",
    "slotSize": "nano"
  }
}
