[
	{
		"name": "Vivo V7",
		"snippet": "For better Selfie!",
		"age": 1,
		"id": "vivo-v7",
		"imageUrl": "img/phones/vivo_1.jpg"
	},
	{
		"name": "One Plus 5T",
		"snippet": "Trending now !!",
		"age": 2,
		"id": "one-plus-5T",
		"imageUrl": "img/phones/onePlus5T.jpg"
	},
	{				
		"name": "One plus 3T",
		"snippet": "Little older yet Swaggy!",
		"age": 4,
		"id": "one-plus-3T",
		"imageUrl": "img/phones/onePlus3T.jpg"
	},
	{				
		"name": "Mi Note 4",
		"snippet": "Long lasting Batter",
		"age": 3,
		"id": "mi-note-4",
		"imageUrl": "img/phones/MiNote4.jpg"
	}
]