
  {
    "storage": {
      "flash": "128GB",
      "ram": "4GB"
    },
    "description": "One Plus 5T has a super-powerful dual-core processor and Android\u2122 6.0 (Marshmellow). With its 10.1-inch HD widescreen display, you\u2019ll enjoy HD video in a thin, light, powerful and upgradeable mobile.",
    "android":{
      "os": "Android 6",
      "version": "Marshmellow"
    },
    "name": "One Plus 5T",
    "images": [
      "img/phones/onePlus5T.jpg",
      "img/phones/onePlus5T-1.jpg",
      "img/phones/onePlus5T-2.jpg"
    ],
    "battery": {
      "standbyTime": "336 hours",
      "talkTime": "24 hours",
      "type": "Other (3250 mAH)"
    },
    "camera": {
      "features": [
        "Flash",
        "Video"
      ],
      "primary": "8.0 megapixels",
      "back": "16 megapixels"
    },
    "connectivity": {
      "bluetooth": "Bluetooth 2.1",
      "cell": "CDMA 800 /1900 LTE 700, Rx diversity in all bands",
      "gps": true,
      "infrared": false,
      "wifi": "802.11 a/b/g/n"
    },
    "display": {
      "screenResolution": "WXGA (1200 x 800)",
      "screenSize": "10.1 inches",
      "touchScreen": true
    },
    "sim": {
      "dualSim": "yes",
      "hybrid" : "yes",
      "slotSize": "nano"
    }
  }
